First Coast Mortgage Funding LLC,www.firstcoastmortgagefunding.com,https://www.linkedin.com/company/firstcoastmortgage/
Alliance Lending Services,www.aboutalliance.com,https://www.linkedin.com/company/alliance-lending-services/
"THINK MORTGAGE, INC.",www.thinkmortgageinc.com,https://www.linkedin.com/company/think-mortgage-inc-
Carrollton Mortgage Co.,www.carringtonmortgage.com,https://www.linkedin.com/company/carrington-mortgage-services---mortgage-lending-division/
B2 Funding Corporation,www.b2funding.com,https://www.linkedin.com/company/b2-funding-corporation/?trk=company_logo
The Truth About Lending LLC,www.thetruthaboutlending.com,https://www.linkedin.com/company/thetruthaboutlending/
South Towne Mortgage LLC,www.southtownemortgage.com,https://www.linkedin.com/company/south-towne-mortgage/
"KTL Performance Mortgage, LTD",www.performancemortgageone.com,https://www.linkedin.com/in/desteni-mason
"Scout Mortgage, Inc.",www.comfedcu.org,https://www.linkedin.com/company/communication-federal-credit-union
Precision Lending LLC,www.precisionhomelending.com,https://www.linkedin.com/in/mattvance17/
"1st Eagle Mortgage, Inc.",www.1steaglemortgage.com,https://www.linkedin.com/company/1st-eagle-mortgage
"AZ Mortgage Broker, LLC",www.azmortgagebroker.com,https://www.linkedin.com/in/craig-t-8881ab13/
Dreamfield Lending LLC,www.dreamfieldlending.com,https://www.linkedin.com/company/dreamfieldlending
Mortgage Direct,www.mortgagedirectsl.com,https://www.linkedin.com/company/mortgage-direct-sl/
"Approved Mortgage, Inc.",www.approvedmortgage.com,https://www.linkedin.com/company/approved-mortgage/
"DML Mortgage Enterprises, Inc.",www.dmlmortgage.com,https://www.linkedin.com/company/dml-mortgage-enterprises-inc.
"KNB Capital, Inc",www.knbcapital.com,https://www.linkedin.com/in/brandonfeco/
Blue Water Mortgage Corporation,www.bluewatermtg.com,https://www.linkedin.com/company/blue-water-mortgage-corporation
"General Realty Group, Inc.",www.generalrealty.com,http://www.linkedin.com/company/general-realty-group
"The Perpetual Financial Group, Inc.",www.theperpetual.com,http://www.linkedin.com/shareArticle?mini=true&url=https%3A%2F%2Ftheperpetual.com&title=The%20Perpetual
"SILEX FINANCIAL GROUP, INC.",www.silexfinancial.com,https://www.linkedin.com/in/joeracamato
Haus Capital Corporation,www.hauscapitalcorp.com,https://www.linkedin.com/company/haus-capital-corporation
Nations Trust Mortgage Inc,www.nationstrustmortgage.com,https://www.linkedin.com/company/3772383/
"Aramco Mortgage, Inc.",www.thearamcogroup.com,https://www.linkedin.com/company/the-aramco-group/
Mortgage Calculator Group,www.themortgagecalculator.co,https://www.linkedin.com/company/mortgagecalculator
"Washington Mortgage Group, Inc.",www.washingtonmg.com,https://www.linkedin.com/company/washingtonmg/
"Top Vine Mortgage Services, L.L.C.",www.topvinemtg.com,https://www.linkedin.com/
MVB Mortgage,www.mvbmortgage.com,https://www.linkedin.com/company/intercoastal-mortgage-company/
"Capital Concepts, Inc.",www.4smartmoney.com,https://www.linkedin.com/company/3796007?trk=tyah&trkInfo=clickedVertical%3Acompany%2CclickedEntityId%3A3796007%2Cidx%3A2-3-4%2CtarId%3A1472145546903%2Ctas%3Acapital%20concepts 
Silver Fin Capital Group LLC,www.silverfincapital.com,https://www.linkedin.com/company/631381?trk=tyah&trkInfo=clickedVertical%3Acompany%2CentityType%3AentityHistoryName%2CclickedEntityId%3Acompany_631381%2Cidx%3A0
Secured Funding Corporation,www.securedfundingcorporation.com,https://www.linkedin.com/company/3065225?trk=tyah&trkInfo=clickedVertical%3Acompany%2Cidx%3A1-2-2%2CtarId%3A1434572507185%2Ctas%3Asecured%20fun
"Mortgage Resources, Inc.",www.fandbfin.com,https://www.linkedin.com/company/2167125?trk=tyah
Mortgage Specialists,www.mtgspecialists.com,https://www.linkedin.com/company/mortgage-specialists?trk=company_logo
Mortgage Capital of MN Inc,www.mortgagecapitalmn.com,https://www.linkedin.com/company/mortgage-capital-of-mn-inc/
Superior Mortgage Lending LLC,www.superiorml.com,https://www.linkedin.com/pub/superior-mortgage-lending/48/503/bab
"Raleigh Mortgage Group, Inc.",www.raleighmortgagegroup.com,https://www.linkedin.com/company/raleigh-mortgage-group?trk=tyah
"Missouri Mortgage Clearing House, Inc.",www.missourimortgageclearinghouse.com,https://www.linkedin.com/in/brian-schrama-1550767?trk=hp-identity-name
"Peak Financial Group, Inc.",www.peakgroup.com,https://www.linkedin.com/company/peakfinancialgroup
"Federal Hill Mortgage Company, LLC",www.federalhillmortgage.com,https://www.linkedin.com/company/federal-hill-mortgage/
Thelen Mortgage Inc,www.thelenmortgage.com,https://www.linkedin.com/pub/mike-thelen/21/b20/483
Liberty Capital Services LLC,www.nfmlending.com,https://www.linkedin.com/company/nfmlending
"INSIGNIA MORTGAGE, INC.",www.insigniamortgage.com,https://www.linkedin.com/company/insignia-mortgage
"Sun Mortgage Company, Inc.",www.sunmortgage.com,https://www.linkedin.com/company/sunmortgage/
Stout Lending LLC,www.stoutlending.com,https://www.linkedin.com/profile/public-profile-settings?trk=prof-edit-edit-public_profile
"VA Wholesale Mortgage, Inc.",www.vawholesalemtg.com,https://www.linkedin.com/in/ethomeloans/
"Florida Mortgage Solutions Group, Inc.",www.mtg-solution.com,https://www.linkedin.com/shareArticle?mini=true&url=https%3A%2F%2Fmtg-solution.com%2F&title=Home&source=https://mtg-solution.com/
Cardinal Mortgage Corp.,www.cardinalconnect.com,https://www.linkedin.com/company/cardinal-mortgage-corp
"Alliance Mortgage Funding, Inc.",www.themandisteam.com,http://www.linkedin.com/in/mikemandis
ATLANTIC MORTGAGE CONSULTANTS INC.,www.atlanticmortgageconsultants.net,https://www.linkedin.com/company/atlantic-mortgage-consultants/?viewAsMember=true
Utah Mortgage Inc.,www.unionhomemortgage.com,https://www.linkedin.com/company/unionhomemortgage/
Capital Funding Financial LLC,www.capitalfundingfinancial.com,https://www.linkedin.com/company/capital-funding-financial-llc/
"Fortis Mortgage, LLC",www.fortismortgage.com,https://www.linkedin.com/company/fortismortgage/
MORTGAGE BIZ OF FLORIDA INC.,www.mortgagebizfl.com,https://www.linkedin.com/company/mortgage-biz-of-florida/
PREFERRED MORTGAGE CORPORATION OF NEW YORK,www.preferredmortgagecorporation.com,https://www.linkedin.com/company/pmc-of-ny
"Easy Apps Mortgage, Inc.",www.easyappsmortgage.com,https://www.linkedin.com/in/petercosta2010/
"Foundation Mortgage Company, LLC",www.foundationmortgage.com,https://www.linkedin.com/company/foundation-mortgage-corporation
"AZ LENDING EXPERTS, LLC",www.azlendingexperts.com,https://www.linkedin.com/company/az-lending-experts/
"Prudential Borrowing, LLC",www.prudentialb.com,https://www.linkedin.com/company/prudential-borrowing-llc/
Mortgage Brokers of Alaska Corporation,www.mortgagebrokersofalaska.com,https://www.linkedin.com/company/18711442/admin/updates/
Lender Express Mortgage LLC,www.lenderexpressmortgage.com,https://www.linkedin.com/company/lender-express-mortgage/
"Whittaker, Gregory Burton",www.wgbloans.com,https://www.linkedin.com/
West Ridge Financial Corp,www.westridgefinancial.com,https://www.linkedin.com/in/mike-larsen-178405190/
"Acadia Lending Group, LLC",www.mainemortgage.com,https://www.linkedin.com/company/1128329/
Key City Lending Inc.,www.keycitylending.com,https://www.linkedin.com/company/key-city-lending
"McGowin King Mortgage, LLC",www.mcgowinking.com,https://www.linkedin.com/company/mcgowin-king-mortgage-llc
"First Wisconsin Financial, Inc.",www.firstwisconsinfinancial.com,https://www.linkedin.com/pub/scott-froemming-414-708-1780/30/ab7/2a1/
Prestige Mortgage of Louisiana LLC,www.prestigemortgage.net,https://www.linkedin.com/in/james-battey-7327411/#experience-section
MODERN MORTGAGE LLC,www.modernmortgage.com,https://www.linkedin.com/company/modern-mortgage
Block Financial Resources LLC,www.blocklending.com,https://www.linkedin.com/company/block-financial-resources-llc-nmls-id-132830
Premium Mortgage Corporation,www.premiummortgage.com,https://www.linkedin.com/company/premium-mortgage
"The Everest Equity Company, Inc.",www.everestequity.com,https://www.linkedin.com/company/the-everest-equity-group-inc/
STELLAR Mortgage Corporation,www.stellar-mortgage.com,https://www.linkedin.com/in/johnwestatstellar/
212 MORTGAGE GROUP INC.,www.212mortgage.com,https://www.linkedin.com/company/212-mortgage-group-inc
Click Mortgage,www.clickmortgage.net,https://www.linkedin.com/company/clickmortgage
"Network Mortgage, LLC",www.network-mtg.com,https://www.linkedin.com/company/network-mortgage-llc
"ZFG Mortgage, LLC.",www.zfgmortgage.com,http://www.linkedin.com/company/zfg-mortgage
Regions Mortgage,www.regions.com,http://www.linkedin.com/company/regions-financial-corporation
Oahu Mortgage Brokers Inc,www.loandepot.com,https://www.linkedin.com/company/loandepot
BUYorREFI Financial LLC,www.buyorrefi.com,https://www.linkedin.com/in/rhettlaufenburger/
FIRST PORTLAND MORTGAGE CORPORATION,www.firstportland.com,https://www.linkedin.com/company/first-portland-mortgage-corp./
"A & A Mortgage Funding, Inc.",www.aamortgagefunding.com,http://www.linkedin.com/pub/lisa-pusateri/9/22a/667
"Radar Mortgage, LLC",www.radarmtg.com,https://www.linkedin.com/company/radar-mortgage/
Paradigm Mortgage Corporation,www.paradigmmortgages.com,https://www.linkedin.com/company/paradigm-mortgage-services/
Maine Mortgage Solutions LLC,www.mainemortgagesolutions.com,https://www.linkedin.com/in/mark-violette-b9795318/ 
"Southern Mortgage Group, LLC",www.southernmortgage.net,https://www.linkedin.com/
Epic Mortgage LLC,www.myepicloan.com,https://www.linkedin.com/in/joe-smith-6027414121/
"MS Lending, LLC",www.mslending.net,https://www.linkedin.com/in/michelleduganms/
Cityscape Mortgage Corp.,www.gocityscape.com,https://www.linkedin.com/company/cityscapemortgage
"Arizona Lending Group, Inc.",www.arizonalendinggroup.com,https://www.linkedin.com/company/arizonalendinggroup
"Post Creek Mortgage, LLC",www.postcreekmtg.com,https://www.linkedin.com/
IND Mortgage LLC,www.indmortgage.com,https://www.linkedin.com/in/pauline-so-lee-09b6945/
"MYERS CAPITAL HAWAII, LLC",www.myerscapitalhawaii.com,https://www.linkedin.com/company/myers-capital-hawaii-llc/about/
"Title Mortgage Solution, LLC",www.titlemortgage.com,https://www.linkedin.com/company/title-mortgage-solution-llc/
First Financial Lending LLC,www.firstfinanciallending.com,https://www.linkedin.com/in/bobsalotto
Capital Funding Solutions Group Inc,www.cfsfunds.com,https://www.linkedin.com/company/capital-funding-banking-solutions
Insight Mortgage Corp.,www.insightmortgagecorp.com,https://www.linkedin.com/company/insight-mortgage-corp-/
"Utmost Pro, Inc.",www.utmostpro.com,https://www.linkedin.com/company/utmost-pro-inc
"Innovative Mortgage Brokers, LLC",www.innovativemtgbrokers.com,https://www.linkedin.com/company/innovativemtgbrokers
JPAL Mortgage LLC,www.jpalmortgage.com,https://www.linkedin.com/company/jpal-mortgage
"Loan Brook, Inc.",www.loanbrook.com,https://www.linkedin.com/company/loan-brook-inc/
"Christensen Financial, Inc",http://www.cfimortgage.com,https://www.linkedin.com/company/christensen-financial-inc.
"loanDepot.com, LLC",http://www.suntrust.com,https://www.linkedin.com/company/truistfinancialcorporation
"CrossCountry Mortgage, LLC",http://www.crosscountrymortgage.com,https://www.linkedin.com/company/crosscountry-mortgage
LP Financial Inc.,http://www.lpl.com,https://www.linkedin.com/company/lpl-financial
Carlile Investments,http://www.carlyle.com,https://linkedin.com/company/the-carlyle-group
Prospect Financial Group Inc.,http://www.prospecthomefinance.com,https://www.linkedin.com/company/2520068
"NEXA Mortgage, LLC",http://www.nexamortgage.com,https://www.linkedin.com/company/nexa-mortgage/
Secure Choice Lending,http://www.securechoicelending.com,https://www.linkedin.com
DYNAMIC CAPITAL FUNDING INC,http://www.dcapfunding.com,https://www.linkedin.com/
"Mortgage Solutions of Colorado, LLC",http://www.mortgagesolutions.net,https://www.linkedin.com/company/mortgage-solutions-financial
Rockland Trust Company,http://www.rocklandtrust.com,https://www.linkedin.com/company/rockland-trust
"Financial Funding Solutions, Inc.",http://www.1stmtgs.com,https://www.linkedin.com/company/plesk
"ATHAS CAPITAL GROUP, INC.",http://www.getevolved.com,https://www.linkedin.com/company/evolve-bank-&-trust
Redwood Mortgage Company,http://www.redwood-mtg.com,https://www.linkedin.com/company/redwood-mortgage
"GLFinancial Services, LLC",http://www.usfsc.com/,https://www.linkedin.com/company/u.s.-financial-services-llc?trk=top_nav_home
"INB, NATIONAL ASSOCIATION",http://www.inb.com,https://www.linkedin.com/company/inb-national-association/
"BNY Mellon, N.A.",http://www.bnymellon.com,https://www.linkedin.com/company/bny-mellon/
"Thrive Mortgage, LLC",http://www.firstmidwest.com,https://www.linkedin.com/company/first-midwest-bank
"Your Legacy Financial, Inc.",http://www.legfingrp.com,https://www.linkedin.com/company/legacy-financial-group-llc
Nationstar Mortgage LLC,http://www.kinecta.org,https://www.linkedin.com/company/kinecta-federal-credit-union
"5280 Financial Group, Inc.",http://www.5280financialgroup.com,https://www.linkedin.com/in/troy-bowen-87159b13/
WM Financial LLC,http://www.wm-financial.com,http://www.linkedin.com/company/wm-financial
"Vision Financial Group, Inc.",http://www.vfgusa.com,https://www.linkedin.com/company/vision-financial-group-inc./
"CMG Mortgage, Inc.",http://www.cmgfi.com,https://www.linkedin.com/company/cmg-financial-services
Blackstone Equity Group,http://www.blackstone.com,https://www.linkedin.com/company/blackstonegroup/
"Access Capital Group, Inc.",http://www.accesscapitalgrp.com,//www.linkedin.com/company/access-capital-group-llc
Commonwealth Financial Services Inc,http://www.commonwealth.com,https://www.linkedin.com/company/commonwealth-financial-network
"Loan Star Funding, LLC",http://www.lonestarfunds.com,https://www.linkedin.com/company/lone-star-funds
FIRST MORTGAGE TEAM LLC,http://www.firstsource.com,https://www.linkedin.com/company/firstsource-solutions-limited/
victory financial inc.,http://www.vcm.com,https://www.linkedin.com/company/victory-capital-management/
"Elite Financial Services, Inc.",http://www.livedebtfree.net,https://www.linkedin.com/company/elite-financial-services-inc-/
On Deck Mortgage Services LLC.,http://www.ondeck.com/,https://www.linkedin.com/company/ondeck/
"AIG, AMERICA INVESTMENT GROUP, INC",http://www.aig.com,https://www.linkedin.com/company/aig
"American Financial Network, Inc.",http://www.afncorp.com,https://www.linkedin.com/company/american-financial-network-inc-
Mid-Atlantic Commercial Realty,www.midatlanticcommercial.com,https://www.linkedin.com/company/mid-atlantic-commercial-realty/
Citywide Mortgage,www.citywidehomeloans.com,https://www.linkedin.com/company/citywide-home-loans/
Grider & Peterson Real Estate Team - EXP Realty,www.eastidahohouses.com,https://www.linkedin.com/company-beta/3122486/
Jared West e-Merge Real Estate,www.e-merge.com,https://www.linkedin.com/company/2552799/admin/
Grant Real Estate Company,www.grantrealestateco.com,https://www.linkedin.com/company/grant-real-estate-company/
CENTURY 21 New Millennium,www.c21nm.com,https://www.linkedin.com/company/c21nm/
CENTURY 21 Scheetz - Zionsville,www.c21scheetz.com,https://www.linkedin.com/company/century-21-scheetz/
"Reverse Mortgage Lender - American Financial Network, Inc. - Chino Hills Pipeline",www.afncorp.com,https://www.linkedin.com/company/american-financial-network-inc-
Triplemint,www.triplemint.com,https://www.linkedin.com/company/triplemint
GMFS Mortgage Lake Charles,www.gmfsmortgage.com,https://www.linkedin.com/company/gmfs
Norcom Mortgage,www.norcommortgage.com,http://www.linkedin.com/company/norcom-mortgage
CAAR Real Estate Weekly,www.caar.com,http://www.linkedin.com/company/141037?trk=tyah
Morse Real Estate,www.morse-re.com,https://www.linkedin.com/company/morse-real-estate
Long & Foster Real Estate,www.longandfoster.com,https://www.linkedin.com/company/long-&-foster-companies
Hallmark Realty Group,www.hallmark-realty-group.com,https://www.linkedin.com/company/75083422/
CMG Financial - Aiea Branch,www.cmgfi.com,https://www.linkedin.com/company/cmg-financial-services
Equity Funding,www.usequityfunding.com,http://www.linkedin.com/in/usequityfunding
HBS Finance,www.hbs.edu,https://www.linkedin.com/company/4867
Phoenix / Nova Home Loans,www.novahomeloans.com,https://www.linkedin.com/company/nova-home-loans
"CAFE Real Estate Advisers, LLC/Powered by Keller Williams Georgia Communities",www.caferealestateadvisers.com,https://www.linkedin.com/company/cafe-real-estate-advisers/?viewAsMember=true
"Capri Jet Realty, Corp.",www.caprijetrealty.com,https://www.linkedin.com/in/robert-napolitano-1a94485/
"United Realty, LLC",www.unitedrealtynm.com,https://www.linkedin.com/company/united-realty-llc-nm/
Century 21 North East,www.c21ne.com,https://www.linkedin.com/company/293941/
NAI Business Properties,www.naibusinessproperties.com,https://www.linkedin.com/company/nai-business-properties
HOME Real Estate,www.homerealestate.com,https://www.linkedin.com/company/home-real-estate
Highcap Group,www.highcapgroup.com,https://www.linkedin.com/company/highcap-group/
GCP Capital Group LLC,www.gcpcapitalgroup.com,https://www.linkedin.com/company/gcp-capital-group
Choyce Peterson Inc,www.choycepeterson.com,https://www.linkedin.com/company/2172878
United Real Estate Kansas City,www.unitedrealestatekansascity.com,https://www.linkedin.com/in/marta-grace-9624b067
Carolina Commercial Mortgage,www.massdevelopment.com,https://www.linkedin.com/company/massdevelopment
Mike Romano - Thrive Mortgage,www.thrivemortgage.com,https://www.linkedin.com/authwall?trk=gf&trkInfo=AQFlSCMdDpep7QAAAXYlBvpYXoKhoQR7_lDhVr2cYg6o0y7wfdgztL7Qs1qAMlsWhgJv-6ZwTZqdxOiQSC3zBg9t-qL23oztPS3u5akM-oJ5PaWa-HLjgeAxTj2RKK7yI_ayp0s=&originalReferer=&sessionRedirect=https%3A%2F%2Fwww.linkedin.com%2Fcompany%2Fthrive-mortgage%2F
ID Mortgage Broker,www.idmortgagebroker.com,https://www.linkedin.com/in/irina-dyakun-13783ba/
NAI Ruhl Commercial Company,www.ruhlcommercial.com,https://www.linkedin.com/company/nai-ruhl-commercial-company/
"McComsey Real Estate, LLC",www.mccomseyrealestate.com,//linkedin.com
Venture Capital Properties,www.vcpre.com,https://www.linkedin.com/company/9398295/
Riviera Finance,www.rivierafinance.com,https://www.linkedin.com/company/riviera-finance/
GFI Realty Services LLC,www.gfirealty.com,https://www.linkedin.com/company/3040920?trk=tyah&trkInfo=tarId%3A1404832660497%2Ctas%3Agfi%20realty%2Cidx%3A1-1-1
Academy Mortgage,www.academymortgage.com,https://www.linkedin.com/company/academy-mortgage-corporation/
"Ruhl&Ruhl Realtors, Iowa City Office",www.ruhlhomes.com,https://www.linkedin.com/company/539941?trk=tyah
7th Level Mortgage LLC,www.7thlvl.com,https://www.linkedin.com/company/3101241
"Celebrity Home Loans - Dave Cook, Mortgage Lender in Colorado",www.denvermortgagelounge.com,https://www.linkedin.com/in/denvermortgagelounge/
Reverse Mortgage Alabama,www.reversemortgagealabama.com,https://www.linkedin.com/in/sscottunderwood/
USA Mortgage Home Loans,www.usamortgage.com,https://www.linkedin.com/company/usa-mortgage_2
"Evan Cuomo, Cedar One Realty",www.cedaronerealty.com, https://www.linkedin.com/company/cedar-one-realty/
Maine Realty Advisors,www.mainerealtyadvisors.com,https://www.linkedin.com/company/mainerealty
Green Tree Realty,www.greentreemaine.com,https://www.linkedin.com/in/vschneider/
Cassie Mason Real Estate,www.cassiemason.com,https://www.linkedin.com/company/cassie-mason-real-estate
CENTURY 21 Affiliated,www.c21affiliated.com,https://www.linkedin.com/company/century21aff
Mortgage Licensing Group,www.mymortgagelicense.com,https://www.linkedin.com/company/the-mortgage-licensing-group-inc-
Trust Bridge,www.trustbridge.com,https://www.linkedin.com/company/trustbridge-health/
"Home Rental Services, Inc.",www.home4rent.com,https://www.linkedin.com/company/home-rental-services-inc-
The Forray Group : Evan F Church Christopher Cavorti Marvin Chu - The Corcoran Group,www.corcoran.com,https://www.linkedin.com/company/the-corcoran-group
The Capital Home Team,www.thecapitalhometeam.com,https://www.linkedin.com/
Malone Commercial Brokers,www.malonecb.com,https://www.linkedin.com/company/malonecb
Chris Pickett Mortgage Broker,www.mortgageequitypartners.com,https://www.linkedin.com/company/mortgage-equity-partners/
33rd Company Kansas City,www.33rdcompanykansascity.com,https://www.linkedin.com/company/33rd-company-inc.?trk=tyah&trkInfo=tarId%3A1402496329713%2Ctas%3A33rd%20company%2Cidx%3A2-1-2
Capital Works Mortgage,www.capworksmortgage.com,http://www.linkedin.com/company/capital-works-mortgage
Capstone Financial,www.capfinancial.com,https://www.linkedin.com/company/capstonetriton
Embrace Home Loans-West Virginia - Martinsburg,www.embracehomeloans.com,https://www.linkedin.com/company/712074
Brinkoetter Realtors,www.brinkoetter.com,https://www.linkedin.com/in/realestatewebmasters/
Pacific Oaks Mortgage,www.pacificoaksmortgage.com,https://www.linkedin.com/company/pacific-oaks-mortgage
Townsend Real Estate and Art Gallery,www.townsendre.com,https://www.linkedin.com/company/townsendrealestate&artgallery/?viewAsMember=true
McGraw Realtors - Midtown Tulsa,www.mcgrawrealtors.com,https://www.linkedin.com/company/mcgraw-realtors
Gateway Real Estate,www.gatewayteam.com,https://www.linkedin.com/company/gateway-real-estate-oregon
"Mortgage Team 1, Inc. (NMLS#39239)",www.mortgageteam1.com,https://www.linkedin.com/company-beta/22284264/
Howard Hanna,www.howardhanna.com,https://www.linkedin.com/company/howard-hanna-real-estate-services
Zion Mortgage,www.zion.mortgage,https://www.linkedin.com/company/zionmortgage/
Growing Home Mortgage LLC,www.growmortgages.com,https://www.linkedin.com/company/grow-mortgages
The Force Group Mortgage,www.theforcegroup.com,https://www.linkedin.com/company/the-force-mortgage-group
Webb Insurance Agency,www.webbinsagency.com,https://www.linkedin.com/company/10306639?trk=tyah&trkInfo=clickedVertical%3Acompany%2CclickedEntityId%3A10306639%2Cidx%3A1-1-1%2CtarId%3A1450811366189%2Ctas%3Awebb%20insurance%20agency
"Michael Mendonca, Senior Mortgage Originator RI-4699, NMLS-525575",www.bankfive.com,http://www.linkedin.com/company/bankfive
Henry Wilkes - Wilkes Mortgage Group VA • FHA • Conventional Financing Specialist,www.wilkesmortgagegroup.com,https://www.linkedin.com/in/henry-wilkes-307a989/
"The Brothers M - Cornerstone Home Lending, Inc.",www.houseloan.com,http://www.linkedin.com/company/cornerstone-home-lending-inc-
Columbia National Real Estate,www.cnref.com,https://www.linkedin.com/company/columbia-national-real-estate-finance
Brie Stephens - Lake Life Realty - Keller Williams Realty,www.lakeliferealty.net,https://www.linkedin.com/in/briestephens/
McBride & Co. Real Estate,www.mcbrideandco.com,https://www.linkedin.com/in/audrey-mcbride-09186768
Saul Abel Bozeman Montana Real Estate,www.eralandmark.com,http://www.linkedin.com/company/era-landmark-real-estate
Nick Lagasse | Fairway Independent Mortgage Corporation Loan Officer,www.fairwayindependentmc.com,https://www.linkedin.com/company/fairway-independent-mortgage-corporation
McCall Real Estate Company,www.mccallrealestate.com,https://www.linkedin.com/company/1902581?trk=tyah&trkInfo=tarId1397586462608tasmccallrealesidx1-1-1
Warehouse Hotline ( Formerly Sonenreich & Co.),www.warehousehotline.com,https://www.linkedin.com/in/ethicalcommercialrealestate
The Beth Hines Team Realtors Re/Max Southland,www.bethhinesrealestate.com,https://www.linkedin.com/in/beth-hines-a87b69b/
Mountain West Commercial Real Estate,www.mtnwest.com,https://www.linkedin.com/company/mwcre/
Gershman Commercial Real Estate,www.gershmancommercial.com,http://www.linkedin.com/company/344543
Nexa Mortgage,www.nexamortgage.com,https://www.linkedin.com/company/nexa-mortgage/
MortgageDepot,www.mortgagedepot.com,https://www.linkedin.com/company/mortgagedepot-com
"Central Funding Inc, A Mortgage Company",www.centralfundinginc.com,https://www.linkedin.com/in/yairfeldmanjihomes/
Homes By Bernice,www.homesbybernice.com,https://www.linkedin.com/in/homesbybernice
Santa Fe Realty Unlimited,www.santaferealtyultd.com,https://linkedin.com/shareArticle?mini=true&url=http%3A%2F%2Fwww.santaferealtyultd.com%2F&title=
Morningstar Mortgage,www.morningstarmortgage.com,https://www.linkedin.com/profile/view?id=15556620&trk=nav_responsive_tab_profile
Hyatt Commercial,www.hyattcommercial.com,https://www.linkedin.com/company/hyatt-commercial
Newmark Knight Frank Idaho,www.ngacres.com,https://www.linkedin.com/company/newmark-acres
Inspiro Financial - Cottonwood Heights,www.inspirofinancial.com,http://linkedin.com
Multifamily.loans,www.multifamily.loans,https://www.linkedin.com/company/multifamily-loans
Midcountry Mortgage,www.MidCountryBank.com,https://www.linkedin.com/company/midcountrybank/
Maui Mortgage Loan Officer,www.mauimortgageloanofficer.com,https://www.linkedin.com/company/mauimlo/
Nebraska Realty,www.nebraskarealty.com,https://www.linkedin.com/company/nebraska-realty/
My Mortgage Funding,www.mymortgagefunding.com,https://www.linkedin.com/company/my-motrgage-funding/
Reno Capital Management,www.renocm.com,https://www.linkedin.com/company/wix-com
Neil Theisen - Central MN Realty,www.centralmnrealty.com,https://www.linkedin.com/company/central-mn-realty
Brenda Jones Real Estate Group at KW Vermont,www.benningtonhomes.com,https://www.linkedin.com/company/brenda-jones-real-estate-group
Insight Loans,www.insightloans.com,https://www.linkedin.com/company/insightloans
Jason G Smith - Windermere Real Estate Professionals,www.grays.withwre.com,http://www.linkedin.com/company/windermere-real-estate
Venture Commercial Mortgage,www.venturemortgage.com,https://www.linkedin.com/company/venture-mortgage-corporation/
Garner Team of Real Estate,www.garner.team,https://www.linkedin.com/company-beta/18133266
"Brian Harwood - Broker, Windermere Real Estate Northeast",www.brianharwood.withwre.com,http://www.linkedin.com/in/brianharwood
"Brian Martucci, Mortgage Lender",www.getloans.com,https://www.linkedin.com/in/martucci/
"Goosehead Insurance: Logan Wojcik - Home, Auto, Business",www.goosehead.com,https://www.linkedin.com/company/goosehead-insurance/
MN Direct Properties,www.mndirectproperties.com,https://linkedin.com/shareArticle?mini=true&url=https%3A%2F%2Fwww.mndirectproperties.com%2F&title=
Windermere Real Estate,www.windermere.com,https://www.linkedin.com/company/windermere-real-estate?trk=top_nav_home
"HTL Hotel Brokers, Loans & Management",www.htlha.com,https://www.linkedin.com/company/3864039/
Mortgage Solutions Team - Utah Mortgage Experts,www.mymtgsolution.com,https://www.linkedin.com/
JACOG ADVISORS,www.jacogadvisors.com,https://www.linkedin.com/company/jacog/
Inland Real Estate Group,www.inlandgroup.com,https://www.linkedin.com/company/the-inland-real-estate-group-of-companies-inc
Choice One Properties,www.choiceoneproperties.com,https://www.linkedin.com/company/choice-one-properties
ABM Funding - Mortgage Lender,www.abmfunding.com,https://www.linkedin.com/company/abmfundinginc/about/
C Edwards Real Estate,www.cedwardsrealestate.com,https://www.linkedin.com/in/chad-haug-82709736/
"Charles Na, NMLS 721862 Mortgage Loan Officer",www.cnalending.com,https://www.linkedin.com/in/charles-na-62996b14/
LA Lending LLC,www.lalending.net,https://www.linkedin.com/company/la-lending-llc/about/
Chris Clark Realtor,www.homesbychrisclark.com,https://www.linkedin.com/in/christopherpclark/
Chris Hendricks Finance,www.chrishendricksfinance.com,https://www.linkedin.com/in/chris-hendricks-b171538/
Vantage Mortgage Brokers,www.vantagemortgagegroup.com,https://www.linkedin.com/company/vantage-mortgage-group-inc-
Intermountain Commercial Real Estate,www.icreboise.com,https://www.linkedin.com/company/intermountain-commercial-real-estate
Zenith Home Loans,www.zenithhomeloans.com,https://www.linkedin.com/authwall?trk=ripf&trkInfo=AQGrYb8QGHSxMAAAAX63nzdgG3e0yuuBohepxNuRQBRRmWWwDxtTYQxhxHRaQ4G51u9srpwqGCzv5RTUlyROJmYPyirSgJY1yW_XHzRSpcJBIWOL2FbcFcx7c0dFWGZVHD1lco4=&originalReferer=https://zenithhomeloans.com/&sessionRedirect=https%3A%2F%2Fwww.linkedin.com%2Fcompany%2Fzenithhl%2F%3FviewAsMember%3Dtrue
Home Coach Realty,www.homecoachschool.com,https://www.linkedin.com/in/homecoach/
CASTO,www.castoinfo.com,https://www.linkedin.com/company/castoinfo/
Mortgage Gal Danielle,www.mortgagegaldanielle.com,https://www.linkedin.com/in/mortgage-gal-danielle
Homes by Hazard,www.homesbyhazard.com,https://linkedin.com/in/marilyn-hazard
Jay Hoh: Hawaii's Mortgage Loan Officer - C2 Hawaii,www.c2hawaii.com,https://www.linkedin.com/company/c2-financial-corporation?trk=top_nav_home
Miscellany Firm,www.miscellanyfirm.com,https://www.linkedin.com/in/miscellany-firm-5277ba170
Integrity Capital LLC,www.integritycapital.com,https://www.linkedin.com/pub/brandon-simmons/6/7a4/409
US CMBS Commercial Loan,www.commloan.com,https://www.linkedin.com/company/comm-loan
William Raveis Real Estate,www.raveis.com,https://www.linkedin.com/company/william-raveis-real-estate/
"Harmon & Harmon Realtors, Inc.",www.harmonandharmon.com,https://www.linkedin.com/company-beta/3122486/
Revista Realty,www.revistarealty.com,https://www.linkedin.com/in/desi-williams-0603759b/
MDO Mortgage - Mortgage Broker MB1986484,www.mdomortgage.com,https://www.linkedin.com/company/mdo-mortgage
"Unity Residential and commercial Mortgage, INC",www.unityrcm.com,https://www.linkedin.com/in/dina-elbiherie-b1b92067/
Sara Holland & Company,www.sarahollandco.com,https://www.linkedin.com/company/sara-holland-company
"DSC Capital, LLC",www.dsccap.com,https://www.linkedin.com/company/dsc-capital?trk=prof-following-company-logo
Erin Harold- Real Estate Broker at Marketplace Sotheby's International Realty,www.erinharold.com,https://www.linkedin.com/in/erin-harold-9277b94
Trimax Realty & Loan,www.trimaxla.com,https://www.linkedin.com/company/trimax-realty-&-loan/about/
Trueblood Real Estate: Garrett Lawton,www.lawtonrealtyindy.com,http://www.linkedin.com/in/garrett-lawton-68b1351b
"MALY Commercial Realty, Inc.",www.malyrealty.com,https://www.linkedin.com/company/maly-commercial-realty-inc.
Integrity Financial Services,www.integrityfinancialservices.net,https://www.linkedin.com/
HRE Real Estate Services,www.hrerealestate.com,https://www.linkedin.com/in/holli-edie-37a633b
Gulf States Financial,www.gsfsgroup.com,https://www.linkedin.com/company/gulf-states-financial-services/
Cohen Financial Group - Mortgage Broker,www.cohenfinancialgroup.com,https://www.linkedin.com/company/cohen-financial-group
The Dunmire Team,www.dunmireteam.com,https://www.linkedin.com/in/harrydunmire/
Texas Farm Credit,www.texasfcs.com,https://www.linkedin.com/company/texas-farm-credit
Walker & Dunlop,www.walkerdunlop.com,https://www.linkedin.com/company/walker-&-dunlop/
Casa Bella Realtors,www.casabellarealtors.com,https://www.linkedin.com/pub/jacqueline-andrews/24/137/927
Clopton Capital,www.cloptoncapital.com,https://www.linkedin.com/company/clopton-capital
Golden Oak Lending,www.goldenoaklending.com,https://www.linkedin.com/company/370751?trk=tyah&trkInfo=clickedVertical%3Acompany%2CclickedEntityId%3A370751%2Cidx%3A2-1-2%2CtarId%3A1474470211457%2Ctas%3Agolden%20oak%20lendin
Evergreen Capital Advisors LLC,www.evergreencapitaladvisors.com,https://www.linkedin.com/company/evergreencapitaladvisors/
The Delatte Group| New Orleans Real Estate Team,www.thedelattegroup.com,https://www.linkedin.com/in/Jason Delatte
Jay Sterin Realty ONE Group - Next Level,www.jaysterin.com,http://linkedin.com/in/jaysterin
Lehigh Financial Group LLC,www.lehighfinancialgroup.com,https://www.linkedin.com/company/lehigh-financial-group-llc
Wade Creek Mortgage,www.wadecreek.com,https://www.linkedin.com/company/wade-creek-mortgage-llc-wadecorp-limited-liability-company-/
"Commercial Fleet Financing, Inc.",www.commercialfleetfinancing.com,https://www.linkedin.com/company/cff
"Tidewater Mortgage Services, Inc - Jason Shroot",www.tidewatermortgage.com,https://www.linkedin.com/company/tidewater-mortgage-services-inc
Iowa Realty,www.iowarealty.com,https://www.linkedin.com/company/iowa-realty/
Clearwater Capital Management,www.ccpwealth.com,https://www.linkedin.com/company/ccpwealth
California Mortgage Bankers',www.cmba.com,https://www.linkedin.com/company/californiamba
Angle Mortgage Network,www.anglemtg.com,https://www.linkedin.com/in/john-rowley-6542b843/
"Renee Hillman, Real Estate Broker - Hillman Real Estate Group at eXp Realty",www.hregsells.com,https://www.linkedin.com/in/reneesells
RōBUS Mortgage,www.robusmortgage.com,https://www.linkedin.com/company/robus-mortgage/mycompany/
GoodFit Homes,www.goodfithomes.com,https://goodfithomes.com/www.linkedin.com/in/marty-reiswig
"Gooch-Beasely, Realtors",www.gbrealtors.com,https://www.linkedin.com/company/gooch-beasley-realtors-mntn/
utahloansbyKaren,www.utahloansbykaren.com,https://www.linkedin.com/in/karen-hallam-a6990870
Mortgage Resource Group: Mark & Kathy Foster,www.wecloseloans.com,http://linkedin.com
Matthew Bearinger - Realtor @ Keller Williams Flagship of Maryland,www.matthewbearinger.com,https://www.linkedin.com/in/matthewbearinger
Woodward Birmingham Financial Group,www.woodwardbirminghamfinancial.com,https://www.linkedin.com/pub/len-dillon/7/930/740
Unlimited Mortgage Resources LLC,www.unlimitedmortgageresources.com,https://www.linkedin.com/in/lisa-chambers-45588835/
"Mission Peak Brokers, Inc.",www.missionpeakbrokers.com,https://www.linkedin.com/company/mission-peak-brokers-inc
Capstone Direct | Home Loans Thousand Oaks,www.capstonedirect.com,https://www.linkedin.com/company/capstone-direct
Reverse Your Thinking® Mortgage,www.reverseyourthinking.mortgage,https://www.linkedin.com/in/mathius-marc-gertz/
"Gryphon USA, Ltd",www.gryphonusa.com,https://www.linkedin.com/in/richardfkruse/
Meredith Merrill - Mortgage Advisor - United Federal Credit Union,www.unitedfcu.com,https://www.linkedin.com/company/united-federal-credit-union/
MG Mortgage Services LLC,www.mgmortgageservices.com,https://www.linkedin.com/company/mg-mortgage-services-llc
Michael Petrovich - Petrovich Team Home Loan,www.petrovichteamhomeloan.com,https://www.linkedin.com/in/michael-petrovich-44063848/
Wonder State Mortgage and Reverse Mortgages of Arkansas doing business under Citywide Professional Lending INC.,www.wonderstatemortgage.com,http://www.linkedin.com/in/shanetlester/
Mike Fisher Alameda Mortgage Corp.,www.alamedamortgage.com,https://www.linkedin.com/company/alameda-mortgage-corporation-est-1968
FA Mortgages LLC,www.famtgs.com,https://www.linkedin.com/in/otha-perry-mortgage/
Vermont Mortgage Company,www.vermontmortgagecompany.com,https://www.linkedin.com/in/nickparent
CMF Real Estate Capital Group,www.cmfcapitalgroup.com,https://www.linkedin.com/in/phoebechoongcmfcapitalgroup/
101 Loan and Rob McCarthy,www.101loan.com,https://www.linkedin.com/in/rmccarthy101loaninc
"Rick Saunders, Loan Officer",www.ricksaundersloans.com,https://www.linkedin.com/in/rick-saunders-2793b385/
First Florida Mortgage,www.mortgagedaddio.com,https://www.linkedin.com/in/robertlarcara/
"RPL Commercial Capital, LLC",www.rplcommercialcapital.com,https://www.linkedin.com/in/robertplevine/
Ronald Shaver PRMI Mortgage Lender,www.primeres.com,https://www.linkedin.com/company/primary-residential-mortgage/
Ruddy Li Realtor in Hawaii,www.livinginhi.com,https://www.linkedin.com/www.linkedin.com/in/ruddyli
Murphy Business & Financial,www.murphybusiness.com,https://www.linkedin.com/company/murphy-business
Select Commercial Funding LLC,www.selectcommercial.com,https://www.linkedin.com/in/stephen-a-sobin-98236913
Jack Cotton Realty LLC,www.cottonllc.com,https://www.linkedin.com/shareArticle?mini=true&url=https://www.cottonllc.com/&title=Homepage
Integrity Mortgage Licensing,www.integritymortgagelicensing.com,https://www.linkedin.com/in/mortgagelicensing
Red Rock Real Estate,www.redrockrealestate.com,https://www.linkedin.com/company/red-rock-real-estate
FM Capital,fmcapital.com,https://www.linkedin.com/company/first-market-properties/
Urban Bay Housing Fund,www.urbanbayhousingfund.com,https://www.linkedin.com/company/urban-bay-housing-fund
"Real Property Capital, Inc.",www.realpropertycapital.com,https://www.linkedin.com/company/real-property-capital-inc-/about/
Dansker Capital Group,www.danskergroup.com,https://www.linkedin.com/company/danskercapitalgroup
Lee-Chandler Enterprises,www.leechandler.net,https://www.linkedin.com/company/lee-chandler-enterprises
Quick Real Estate Funding,www.quickrealestatefunding.com,https://www.linkedin.com/company/quickrealestatefunding
"Cooper Horowitz, LLC",www.cooper-horowitz.com,https://www.linkedin.com/company/cooper-horowitz/
Crux Commercial Partners,www.cruxcre.com,https://www.linkedin.com/in/robb-hawkins-98850a18/
Mark One Capital,www.marcusmillichap.com,http://www.linkedin.com/company/6346
Au Consultants Inc,www.auconsultant.com,https://www.linkedin.com/authwall?trk=bf&trkInfo=AQGuejAaG3OGRAAAAXKlBpbgl5OzGmucvGAWWD4lkl-oQ3qA4-eUvZDFZYjGT0Ce5TPZ7NNa8rFWi6Pf0dERGie9loHkPVy-neVtBKRWOMJK0gF57F58Mi08o1leKAYxaOHa67o=&originalReferer=&sessionRedirect=https%3A%2F%2Fwww.linkedin.com%2Fcompany%2Fau-consultants-inc%2F%3FviewAsMember%3Dtrue
Havilah Funding Network,www.havilahfundingnetwork.com,https://www.linkedin.com/company/wix-com
INTEGRITY CREDIT CORPORATION,www.icclending.com,https://www.linkedin.com/in/andrew-ojeisekhoba-0044401a
Polaris Funding,www.polariscre.com,https://www.linkedin.com/in/natehyman
First Commercial Funding Corp.,www.1stcommercialcredit.com,https://www.linkedin.com/company/1st-commercial-credit/
Hayward & Associates,www.hayward-assoc.com,https://www.linkedin.com/in/haywardhealthcareplanning
ICS LOANS INC,www.icsloans.com,https://www.linkedin.com/company/icsloans/
Tower Funding Group,www.towerfundcapital.com,https://www.linkedin.com/company/tower-fund-capital
Wasatch Capital Group,www.wasatchcg.com,https://www.linkedin.com/company/wix-com
Calloway Capital,www.callowaycap.com,https://www.linkedin.com/in/david-singer-24a75b46/
